{
  "movies_used": 324,
  "k": 5,
  "avg_neighbor_similarity_at_k": 0.5556493404348007,
  "avg_genre_jaccard_at_k": 0.6262037037037037,
  "catalog_coverage_at_k": 0.9320987654320988,
  "search_score": 0.6332830631650664,
  "best_config": {
    "ngram_range": [
      1,
      3
    ],
    "min_df": 2,
    "max_features": 25000,
    "n_neighbors": 25
  }
}